date,country
2022-06-14,cz
2022-06-15,lk
2022-06-16,eg
2022-06-17,ch
2022-06-18,vn
2022-06-19,sd
2022-06-20,be
2022-06-21,kz
2022-06-22,ye
2022-06-23,ga
2022-06-24,tf
2022-06-25,ms
2022-06-26,np
2022-06-27,ad
2022-06-28,bz
2022-06-29,bt
2022-06-30,ss
2022-07-01,vg
2022-07-02,fr
2022-07-03,tn
2022-07-04,ba
2022-07-05,mx
2022-07-06,kg
2022-07-07,wf
2022-07-08,tt
2022-07-09,nu
2022-07-10,cn
2022-07-11,th
2022-07-12,tl
2022-07-13,ai
2022-07-14,gl
2022-07-15,dj
2022-07-16,am
2022-07-17,bd
2022-07-18,il
2022-07-19,mg
2022-07-20,si
2022-07-21,sr
2022-07-22,nl
2022-07-23,by
2022-07-24,gy
2022-07-25,dm
2022-07-26,ru
2022-07-27,pw
2022-07-28,mv
2022-07-29,uy
2022-07-30,fi
2022-07-31,gh
2022-08-01,cl
2022-08-02,tg
2022-08-03,vc
2022-08-04,gb
2022-08-05,cd
2022-08-06,kh
2022-08-07,mw
2022-08-08,ae
2022-08-09,vu
2022-08-10,ss
2022-08-11,ky
2022-08-12,lv
2022-08-13,tz
2022-08-14,tc
2022-08-15,cg
2022-08-16,gq
2022-08-17,tn
2022-08-18,kr
2022-08-19,ph
2022-08-20,nc
2022-08-21,sv
2022-08-22,cz
2022-08-23,bh
2022-08-24,sl
2022-08-25,br
2022-08-26,ye
2022-08-27,ua
2022-08-28,km
2022-08-29,so
2022-08-30,sn
2022-08-31,ee
2022-09-01,mo
2022-09-02,zw
2022-09-03,tk
2022-09-04,gb
2022-09-05,gr
2022-09-06,sz
2022-09-07,ug
2022-09-08,mk
2022-09-09,kr
2022-09-10,lk
2022-09-11,tj
2022-09-12,za
2022-09-13,dz
2022-09-14,sn
2022-09-15,bo
2022-09-16,my
2022-09-17,bf
2022-09-18,tl
2022-09-19,sm
2022-09-20,il
2022-09-21,gh
2022-09-22,sa
2022-09-23,au
2022-09-24,za
2022-09-25,zm
2022-09-26,ba
2022-09-27,tm
2022-09-28,ae
2022-09-29,vu
2022-09-30,st
2022-10-01,tv
2022-10-02,mn
2022-10-03,ec
2022-10-04,co
2022-10-05,bd
2022-10-06,sy
2022-10-07,sv
2022-10-08,bn
2022-10-09,bl
2022-10-10,ar
2022-10-11,cg
2022-10-12,ve
2022-10-13,is
2022-10-14,bh
2022-10-15,tn
2022-10-16,bg
2022-10-17,se
2022-10-18,vg
2022-10-19,be
2022-10-20,as
2022-10-21,ki
2022-10-22,ao
2022-10-23,ga
2022-10-24,pw
2022-10-25,ws
2022-10-26,mh
2022-10-27,jo
2022-10-28,sk
2022-10-29,tl
2022-10-30,fr
2022-10-31,hu
2022-11-01,ag
2022-11-02,mf
2022-11-03,fm
2022-11-04,mp
2022-11-05,aw
2022-11-06,to
2022-11-07,kg
2022-11-08,az
2022-11-09,kh
2022-11-10,np
2022-11-11,de
2022-11-12,km
2022-11-13,at
2022-11-14,bq
2022-11-15,ci
2022-11-16,cd
2022-11-17,cz
2022-11-18,ng
2022-11-19,cu
2022-11-20,mm
2022-11-21,sl
2022-11-22,by
2022-11-23,gl
2022-11-24,pn
2022-11-25,fi
2022-11-26,pm
2022-11-27,ir
2022-11-28,vn
2022-11-29,es
2022-11-30,gi
2022-12-01,ss
2022-12-02,us
2022-12-03,qa
2022-12-04,mw
2022-12-05,ls
2022-12-06,pf
2022-12-07,si
2022-12-08,ad
2022-12-09,bb
2022-12-10,kw
2022-12-11,mx
2022-12-12,ms
2022-12-13,jp
2022-12-14,bt
2022-12-15,eg
2022-12-16,tr
2022-12-17,cv
2022-12-18,tz
2022-12-19,et
2022-12-20,mu
2022-12-21,nl
2022-12-22,gq
2022-12-23,pt
2022-12-24,lu
2022-12-25,am
2022-12-26,nr
2022-12-27,tf
2022-12-28,pa
2022-12-29,lv
2022-12-30,mg
2022-12-31,ro
2023-01-01,dm
2023-01-02,ye
2023-01-03,gd
2023-01-04,th
2023-01-05,ky
2023-01-06,la
2023-01-07,hn
2023-01-08,ie
2023-01-09,kp
2023-01-10,hr
2023-01-11,ge
2023-01-12,kn
2023-01-13,bj
2023-01-14,ch
2023-01-15,bw
2023-01-16,me
2023-01-17,cr
2023-01-18,do
2023-01-19,ru
2023-01-20,om
2023-01-21,bs
2023-01-22,br
2023-01-23,sg
2023-01-24,bm
2023-01-25,pg
2023-01-26,lt
2023-01-27,gw
2023-01-28,ml
2023-01-29,no
2023-01-30,ne
2023-01-31,ai
2023-02-01,gn
2023-02-02,mv
2023-02-03,ht
2023-02-04,ke
2023-02-05,bz
2023-02-06,id
2023-02-07,jm
2023-02-08,ma
2023-02-09,iq
2023-02-10,cf
2023-02-11,rs
2023-02-12,tc
2023-02-13,na
2023-02-14,in
2023-02-15,vc
2023-02-16,ee
2023-02-17,nc
2023-02-18,mr
2023-02-19,pk
2023-02-20,cm
2023-02-21,dj
2023-02-22,md
2023-02-23,ph
2023-02-24,er
2023-02-25,fj
2023-02-26,mz
2023-02-27,lb
2023-02-28,ca
2023-03-01,cn
2023-03-02,dk
2023-03-03,it
2023-03-04,sb
2023-03-05,gm
2023-03-06,pl
2023-03-07,gt
2023-03-08,rw
2023-03-09,ua
2023-03-10,cl
2023-03-11,lc
2023-03-12,nu
2023-03-13,uz
2023-03-14,mt
2023-03-15,nz
2023-03-16,nf
2023-03-17,td
2023-03-18,pe
2023-03-19,tt
2023-03-20,py
2023-03-21,ni
2023-03-22,bi
2023-03-23,tg
2023-03-24,gy
2023-03-25,hk
2023-03-26,sc
2023-03-27,ck
2023-03-28,kz
2023-03-29,sr
2023-03-30,ly
2023-03-31,tj
2023-04-01,af
2023-04-02,ug
2023-04-03,wf
2023-04-04,sd
2023-04-05,sh
2023-04-06,fk
2023-04-07,lr
2023-04-08,cc
2023-04-09,uy
2023-04-10,so
2023-04-11,cx
2023-04-12,al
2023-04-13,cy
2023-04-14,mo
2023-04-15,zw
2023-04-16,tk
2023-04-17,gb
2023-04-18,gr
2023-04-19,sz
2023-04-20,ug
2023-04-21,mk
2023-04-22,kr
2023-04-23,lk
2023-04-24,ee
2023-04-25,bi
2023-04-26,dz
2023-04-27,sn
2023-04-28,bo
2023-04-29,my
2023-04-30,bf
2023-05-01,cy
2023-05-02,pa
2023-05-03,il
2023-05-04,gh
2023-05-05,sa
2023-05-06,au
2023-05-07,za
2023-05-08,zm
2023-05-09,ba
2023-05-10,tm
2023-05-11,ae
2023-05-12,vu
2023-05-13,st
2023-05-14,tv
2023-05-15,mn
2023-05-16,ec
2023-05-17,co
2023-05-18,bd
2023-05-19,sy
2023-05-20,sv
2023-05-21,bn
2023-05-22,bl
2023-05-23,ar
2023-05-24,cg
2023-05-25,ve
2023-05-26,is
2023-05-27,bh
2023-05-28,tn
2023-05-29,ng
2023-05-30,cu
2023-05-31,mm
2023-06-01,sl
2023-06-02,by
2023-06-03,gl
2023-06-04,pn
2023-06-05,fi
2023-06-06,pm
2023-06-07,ir
2023-06-08,vn
2023-06-09,es
2023-06-10,gi
2023-06-11,ss
2023-06-12,us
2023-06-13,qa
2023-06-14,mw
2023-06-15,ls
2023-06-16,pf
2023-06-17,si
2023-06-18,ad
2023-06-19,bb
2023-06-20,kw
2023-06-21,mx
2023-06-22,ms
2023-06-23,jp
2023-06-24,bt
2023-06-25,eg
2023-06-26,tr
2023-06-27,cv
2023-06-28,tz
2023-06-29,et
2023-06-30,mu
2023-07-01,nl
2023-07-02,gq
2023-07-03,pt
2023-07-04,lu
2023-07-05,am
2023-07-06,nr
2023-07-07,tf
2023-07-08,pa
2023-07-09,lv
2023-07-10,mg
2023-07-11,ro
2023-07-12,dm
2023-07-13,ye
2023-07-14,gd
2023-07-15,th
2023-07-16,ky
2023-07-17,la
2023-07-18,hn
2023-07-19,ie
2023-07-20,kp
2023-07-21,hr
2023-07-22,ge
2023-07-23,kn
2023-07-24,bj
2023-07-25,ch
2023-07-26,bw
2023-07-27,me
2023-07-28,cr
2023-07-29,do
2023-07-30,ru
2023-07-31,om
2023-08-01,bs
2023-08-02,br
2023-08-03,sg
2023-08-04,bm
2023-08-05,pg
2023-08-06,lt
2023-08-07,gw
2023-08-08,ml
2023-08-09,no
2023-08-10,ne
2023-08-11,ai
2023-08-12,gn
2023-08-13,mv
2023-08-14,ht
2023-08-15,ke
2023-08-16,bz
2023-08-17,id
2023-08-18,jm
2023-08-19,ma
2023-08-20,iq
2023-08-21,cf
2023-08-22,rs
2023-08-23,tc
2023-08-24,na
2023-08-25,in
2023-08-26,vc
2023-08-27,ee
2023-08-28,nc
2023-08-29,mr
2023-08-30,pk
2023-08-31,cm
2023-09-01,dj
2023-09-02,md
2023-09-03,ph
2023-09-04,er
2023-09-05,fj
2023-09-06,mz
2023-09-07,lb
2023-09-08,ca
2023-09-09,cn
2023-09-10,dk
2023-09-11,it
2023-09-12,sb
2023-09-13,gm
2023-09-14,pl
2023-09-15,gt
2023-09-16,rw
2023-09-17,ua
2023-09-18,cl
2023-09-19,lc
2023-09-20,nu
2023-09-21,uz
2023-09-22,mt
2023-09-23,nz
2023-09-24,nf
2023-09-25,td
2023-09-26,pe
2023-09-27,tt
2023-09-28,py
2023-09-29,ni
2023-09-30,bi
2023-10-01,tg
2023-10-02,gy
2023-10-03,hk
2023-10-04,sc
2023-10-05,ck
2023-10-06,kz
2023-10-07,sr
2023-10-08,ly
2023-10-09,tj
2023-10-10,bs
2023-10-11,ag
2023-10-12,sc
2023-10-13,bl
2023-10-14,si
2023-10-15,hu
2023-10-16,nl
2023-10-17,kn
2023-10-18,ae
2023-10-19,bb
2023-10-20,ai
2023-10-21,gb
2023-10-22,lc
2023-10-23,ws
2023-10-24,al
2023-10-25,tf
2023-10-26,tr
2023-10-27,bw
2023-10-28,mv
2023-10-29,dj
2023-10-30,tm
2023-10-31,ke
2023-11-01,cn
2023-11-02,zm
2023-11-03,il
2023-11-04,ad
2023-11-05,bh
2023-11-06,tw
2023-11-07,de
2023-11-08,sg
2023-11-09,mr
2023-11-10,la
2023-11-11,bq
2023-11-12,pk
2023-11-13,bj
2023-11-14,ch
2023-11-15,sb
2023-11-16,pa
2023-11-17,dz
2023-11-18,in
2023-11-19,au
2023-11-20,ec
2023-11-21,dm
2023-11-22,ca
2023-11-23,tz
2023-11-24,as
2023-11-25,jm
2023-11-26,kr
2023-11-27,ki
2023-11-28,ls
2023-11-29,tt
2023-11-30,cg
2023-12-01,cv
2023-12-02,cl
2023-12-03,md
2023-12-04,bf
2023-12-05,mg
2023-12-06,ph
2023-12-07,np
2023-12-08,py
2023-12-09,fi
2023-12-10,lr
2023-12-11,ly
2023-12-12,vg
2023-12-13,tg
2023-12-14,kg
2023-12-15,st
2023-12-16,bn
2023-12-17,mm
2023-12-18,it
2023-12-19,pg
2023-12-20,lk
2023-12-21,mu
2023-12-22,cu
2023-12-23,mh
2023-12-24,dk
2023-12-25,cr
2023-12-26,ma
2023-12-27,ba
2023-12-28,kw
2023-12-29,hk
2023-12-30,gw
2023-12-31,no
2024-01-01,fm
2024-01-02,sy
2024-01-03,bt
2024-01-04,km
2024-01-05,gh
2024-01-06,sl
2024-01-07,rs
2024-01-08,nc
2024-01-09,gn
2024-01-10,gt
2024-01-11,pn
2024-01-12,ve
2024-01-13,wf
2024-01-14,af
2024-01-15,us
2024-01-16,fj
2024-01-17,uz
2024-01-18,nf
2024-01-19,kz
2024-01-20,bm
2024-01-21,sk
2024-01-22,bo
2024-01-23,ml
2024-01-24,ao
2024-01-25,co
2024-01-26,sd
2024-01-27,ni
2024-01-28,pe
2024-01-29,ge
2024-01-30,mz
2024-01-31,so
2024-02-01,mk
2024-02-02,ck
2024-02-03,pw
2024-02-04,ar
2024-02-05,pm
2024-02-06,mp
2024-02-07,bd
2024-02-08,zw
2024-02-09,cd
2024-02-10,ci
2024-02-11,bg
2024-02-12,ky
2024-02-13,gd
2024-02-14,jo
2024-02-15,by
2024-02-16,us
2024-02-17,gy
2024-02-18,mn
2024-02-19,fk
2024-02-20,jp
2024-02-21,ir
2024-02-22,nr
2024-02-23,iq
2024-02-24,lt
2024-02-25,ie
2024-02-26,ye
2024-02-27,cc
2024-02-28,br
2024-02-29,cf
2024-03-01,er
2024-03-02,gq
2024-03-03,pt
2024-03-04,gr
2024-03-05,ga
2024-03-06,mx
2024-03-07,kp
2024-03-08,tv
2024-03-09,ne
2024-03-10,hn
2024-03-11,sa
2024-03-12,pf
2024-03-13,sv
2024-03-14,am
2024-03-15,pl
2024-03-16,at
2024-03-17,mo
2024-03-18,vn
2024-03-19,sh
2024-03-20,hr
2024-03-21,vu
2024-03-22,id
2024-03-23,ua
2024-03-24,do
2024-03-25,fr
2024-03-26,et
2024-03-27,ht
2024-03-28,om
2024-03-29,cx
2024-03-30,se
2024-03-31,lu
2024-04-01,aw
2024-04-02,nu
2024-04-03,me
2024-04-04,lv
2024-04-05,mf
2024-04-06,cm
2024-04-07,br
2024-04-08,ee
2024-04-09,to
2024-04-10,gi
2024-04-11,sm
2024-04-12,tk
2024-04-13,be
2024-04-14,gm
2024-04-15,qa
2024-04-16,my
2024-04-17,ro
2024-04-18,sn
2024-04-19,kh
2024-04-20,is
2024-04-21,az
2024-04-22,sz
2024-04-23,na
2024-04-24,td
2024-04-25,lb
2024-04-26,ng
2024-04-27,eg
2024-04-28,es
2024-04-29,mw
2024-04-30,nz
2024-05-01,cz
2024-05-02,gl
2024-05-03,rw
2024-05-04,cy
2024-05-05,rs
2024-05-06,pw
2024-05-07,mx
2024-05-08,dz
2024-05-09,ca
2024-05-10,mf
2024-05-11,ag
2024-05-12,be
2024-05-13,pf
2024-05-14,br
2024-05-15,my
2024-05-16,md
2024-05-17,tj
2024-05-18,mr
2024-05-19,ci
2024-05-20,pg
2024-05-21,cl
2024-05-22,bt
2024-05-23,mv
2024-05-24,pk
2024-05-25,bd
2024-05-26,aw
2024-05-27,ck
2024-05-28,cf
2024-05-29,rw
2024-05-30,tm
2024-05-31,bn
2024-06-01,pm
2024-06-02,es
2024-06-03,mk
2024-06-04,ug
2024-06-05,gq
2024-06-06,vu
2024-06-07,tn
2024-06-08,hn
2024-06-09,km
2024-06-10,py
2024-06-11,bb
2024-06-12,ml
2024-06-13,ie
2024-06-14,sn
2024-06-15,jp
2024-06-16,bj
2024-06-17,cm
2024-06-18,sz
2024-06-19,am
2024-06-20,kw
2024-06-21,nf
2024-06-22,af
2024-06-23,pl
2024-06-24,ec
2024-06-25,ar
2024-06-26,fi
2024-06-27,sh
2024-06-28,zw
2024-06-29,sk
2024-06-30,sb
2024-07-01,us
2024-07-02,bq
2024-07-03,tv
2024-07-04,qa
2024-07-05,gb
2024-07-06,mn
2024-07-07,mh
2024-07-08,gr
2024-07-09,hu
2024-07-10,nz
2024-07-11,eg
2024-07-12,fm
2024-07-13,ch
2024-07-14,ms
2024-07-15,lv
2024-07-16,kg
2024-07-17,cg
2024-07-18,sc
2024-07-19,to
2024-07-20,mp
2024-07-21,it
2024-07-22,kp
2024-07-23,cd
2024-07-24,gy
2024-07-25,au
2024-07-26,et
2024-07-27,bo
2024-07-28,vn
2024-07-29,sa
2024-07-30,nl
2024-07-31,fj
2024-08-01,gn
2024-08-02,ye
2024-08-03,bz
2024-08-04,ba
2024-08-05,zm
2024-08-06,lc
2024-08-07,ls
2024-08-08,ph
2024-08-09,sz
2024-08-10,tk
2024-08-11,nu
2024-08-12,bs
2024-08-13,vg
2024-08-14,lr
2024-08-15,ws
2024-08-16,bl
2024-08-17,mu
2024-08-18,do
2024-08-19,lk
2024-08-20,tz
2024-08-21,ai
2024-08-22,dj
2024-08-23,ne
2024-08-24,tc
2024-08-25,cc
2024-08-26,tl
2024-08-27,om
2024-08-28,ss
2024-08-29,ke
2024-08-30,bh
2024-08-31,pa
2024-09-01,td
2024-09-02,kn
2024-09-03,sr
2024-09-04,er
2024-09-05,jo
2024-09-06,az
2024-09-07,fk
2024-09-08,la
2024-09-09,cr
2024-09-10,bg
2024-09-11,gw
2024-09-12,bw
2024-09-13,lu
2024-09-14,cu
2024-09-15,ae
2024-09-16,ly
2024-09-17,kz
2024-09-18,tg
2024-09-19,pe
2024-09-20,bf
2024-09-21,sd
2024-09-22,iq
2024-09-23,mt
2024-09-24,at
2024-09-25,ng
2024-09-26,hk
2024-09-27,uz
2024-09-28,cv
2024-09-29,ro
2024-09-30,mg
2024-10-01,sl
2024-10-02,bi
2024-10-03,us
2024-10-04,dk
2024-10-05,ao
2024-10-06,ki
2024-10-07,ni
2024-10-08,ly
2024-10-09,tj
2024-10-10,bs
2024-10-11,ag
2024-10-12,sc
2024-10-13,bl
2024-10-14,si
2024-10-15,hu
2024-10-16,nl
2024-10-17,kn
2024-10-18,ae
2024-10-19,bb
2024-10-20,ai
2024-10-21,lc
2024-10-22,gb
2024-10-23,ws
2024-10-24,al
2024-10-25,tf
2024-10-26,tr
2024-10-27,bw
2024-10-28,mv
2024-10-29,dj
2024-10-30,tm
2024-10-31,ke
2024-11-01,cn
2024-11-02,zm
2024-11-03,il
2024-11-04,ad
2024-11-05,bh
2024-11-06,tw
2024-11-07,de
2024-11-08,sg
2024-11-09,mr
2024-11-10,la
2024-11-11,bq
2024-11-12,pk
2024-11-13,bj
2024-11-14,ch
2024-11-15,sb
2024-11-16,pa
2024-11-17,dz
2024-11-18,in
2024-11-19,au
2024-11-20,ec
2024-11-21,dm
2024-11-22,ca
2024-11-23,tz
2024-11-24,as
2024-11-25,jm
2024-11-26,kr
2024-11-27,ki
2024-11-28,ls
2024-11-29,tt
2024-11-30,cg
2024-12-01,cv
2024-12-02,cl
2024-12-03,md
2024-12-04,bf
2024-12-05,mg
2024-12-06,ph
2024-12-07,np
2024-12-08,py
2024-12-09,fi
2024-12-10,lr
2024-12-11,ly
2024-12-12,vg
2024-12-13,tg
2024-12-14,kg
2024-12-15,st
2024-12-16,bn
2024-12-17,mm
2024-12-18,it
2024-12-19,pg
2024-12-20,lk
2024-12-21,mu
2024-12-22,cu
2024-12-23,mh
2024-12-24,dk
2024-12-25,cr
2024-12-26,ma
2024-12-27,ba
2024-12-28,kw
2024-12-29,hk
2024-12-30,gw
2024-12-31,no
2025-01-01,fm
2025-01-02,sy
2025-01-03,bt
2025-01-04,km
2025-01-05,gh
2025-01-06,sl
2025-01-07,rs
2025-01-08,nc
2025-01-09,gn
2025-01-10,gt
2025-01-11,ug
2025-01-12,ve
2025-01-13,tw
2025-01-14,af
2025-01-15,us
2025-01-16,fj
2025-01-17,uz
2025-01-18,nf
2025-01-19,kz
2025-01-20,bm
2025-01-21,sk
2025-01-22,bo
2025-01-23,ml
2025-01-24,ao
2025-01-25,co
2025-01-26,sd
2025-01-27,ni
2025-01-28,pe
2025-01-29,ee
2025-01-30,mz
2025-01-31,so
2025-02-01,mk
2025-02-02,lb
2025-02-03,ss
2025-02-04,ar
2025-02-05,tn
2025-02-06,ua
2025-02-07,bd
2025-02-08,zw
2025-02-09,cd
2025-02-10,ci
2025-02-11,bg
2025-02-12,ky
2025-02-13,kr
2025-02-14,jo
2025-02-15,by
2025-02-16,us
2025-02-17,gy
2025-02-18,mn
2025-02-19,fk
2025-02-20,jp
2025-02-21,ir
2025-02-22,nr
2025-02-23,iq
2025-02-24,lt
2025-02-25,ie
2025-02-26,ye
2025-02-27,sm
2025-02-28,br
2025-02-29,cf
2025-03-01,er
2025-03-02,gq
2025-03-03,pt
2025-03-04,gr
2025-03-05,ga
2025-03-06,mx
2025-03-07,kp
2025-03-08,il
2025-03-09,ne
2025-03-10,hn
2025-03-11,sa
2025-03-12,pf
2025-03-13,sv
2025-03-14,am
2025-03-15,pl
2025-03-16,at
2025-03-17,mo
2025-03-18,vn
2025-03-19,jm
2025-03-20,hr
2025-03-21,vu
2025-03-22,id
2025-03-23,ua
2025-03-24,do
2025-03-25,fr
2025-03-26,et
2025-03-27,ht
2025-03-28,om
2025-03-29,si
2025-03-30,se
2025-03-31,lu
2025-04-01,bz
2025-04-02,sr
2025-04-03,me
2025-04-04,lv
2025-04-05,sg
2025-04-06,cm
2025-04-07,br
2025-04-08,ee
2025-04-09,np
2025-04-10,gi
2025-04-11,sm
2025-04-12,tk
2025-04-13,be
2025-04-14,gm
2025-04-15,qa
2025-04-16,my
2025-04-17,ro
2025-04-18,sn
2025-04-19,kh
2025-04-20,is
2025-04-21,az
2025-04-22,sz
2025-04-23,na
2025-04-24,td
2025-04-25,lb
2025-04-26,ng
2025-04-27,eg
2025-04-28,es
2025-04-29,mw
2025-04-30,nz
2025-05-01,cz
2025-05-02,gl
2025-05-03,rw
2025-05-04,cy
2025-05-05,rs
2025-05-06,sv
2025-05-07,mx
2025-05-08,dz
2025-05-09,ca
2025-05-10,se
2025-05-11,gt
2025-05-12,be
2025-05-13,pf
2025-05-14,br
2025-05-15,my
2025-05-16,md
2025-05-17,tj
2025-05-18,mr
2025-05-19,ci
2025-05-20,pg
2025-05-21,cl
2025-05-22,bt
2025-05-23,mv
2025-05-24,pk
2025-05-25,bd
2025-05-26,by
2025-05-27,ky
2025-05-28,cf
2025-05-29,rw
2025-05-30,tm
2025-05-31,bn
2025-06-01,tr
2025-06-02,es
2025-06-03,mk
2025-06-04,ug
2025-06-05,gq
2025-06-06,vu
2025-06-07,tn
2025-06-08,hn
2025-06-09,km
2025-06-10,py
2025-06-11,bb
2025-06-12,ml
2025-06-13,ie
2025-06-14,sn
2025-06-15,jp
2025-06-16,bj
2025-06-17,cm
2025-06-18,sz
2025-06-19,am
2025-06-20,kw
2025-06-21,nf
2025-06-22,af
2025-06-23,pl
2025-06-24,ec
2025-06-25,ar
2025-06-26,fi
2025-06-27,kh
2025-06-28,zw
2025-06-29,sk
2025-06-30,sb
2025-07-01,us
2025-07-02,id
2025-07-03,in
2025-07-04,qa
2025-07-05,gb
2025-07-06,mn
2025-07-07,mh
2025-07-08,gr
2025-07-09,hu
2025-07-10,nz
2025-07-11,eg
2025-07-12,fm
2025-07-13,ch
2025-07-14,tl
2025-07-15,lv
2025-07-16,kg
2025-07-17,cg
2025-07-18,sc
2025-07-19,nr
2025-07-20,ve
2025-07-21,it
2025-07-22,kp
2025-07-23,cd
2025-07-24,gy
2025-07-25,au
2025-07-26,et
2025-07-27,bo
2025-07-28,vn
2025-07-29,sa
2025-07-30,nl
2025-07-31,fj
2025-08-01,gn
2025-08-02,ye
2025-08-03,bz
2025-08-04,ba
2025-08-05,pn
2025-08-06,ma
2025-08-07,ls
2025-08-08,ph
2025-08-09,sz
2025-08-10,tk
2025-08-11,sy
2025-08-12,bs
2025-08-13,vg
2025-08-14,lr
2025-08-15,is
2025-08-16,mw
2025-08-17,mu
2025-08-18,do
2025-08-19,lk
2025-08-20,tz
2025-08-21,nc
2025-08-22,dj
2025-08-23,ne
2025-08-24,mz
2025-08-25,so
2025-08-26,tl
2025-08-27,om
2025-08-28,ss
2025-08-29,ke
2025-08-30,bh
2025-08-31,pa
2025-09-01,td
2025-09-02,gl
2025-09-03,sr
2025-09-04,er
2025-09-05,jo
2025-09-06,az
2025-09-07,fk
2025-09-08,la
2025-09-09,cr
2025-09-10,bg
2025-09-11,gw
2025-09-12,bw
2025-09-13,lu
2025-09-14,cu
2025-09-15,ae
2025-09-16,ly
2025-09-17,kz
2025-09-18,tg
2025-09-19,pe
2025-09-20,bf
2025-09-21,sd
2025-09-22,iq
2025-09-23,mt
2025-09-24,at
2025-09-25,ng
2025-09-26,hk
2025-09-27,uz
2025-09-28,cv
2025-09-29,ro
2025-09-30,mg
2025-10-01,sl
2025-10-02,bi
2025-10-03,us
2025-10-04,dk
2025-10-05,ao
2025-10-06,de
2025-10-07,ni
2025-10-08,ly
2025-10-09,tj
2025-10-10,bs
2025-10-11,gm
2025-10-12,sc
2025-10-13,mo
2025-10-14,si
2025-10-15,hu
2025-10-16,nl
2025-10-17,gi
2025-10-18,ae
2025-10-19,bb
2025-10-20,no
2025-10-21,lt
2025-10-22,gb
2025-10-23,ir
2025-10-24,al
2025-10-25,pt
2025-10-26,tr
2025-10-27,bw
2025-10-28,mv
2025-10-29,dj
2025-10-30,tm
2025-10-31,ke
2025-11-01,cn
2025-11-02,zm
2025-11-03,il
2025-11-04,ad
2025-11-05,bh
2025-11-06,tw
2025-11-07,cz
2025-11-08,sg
2025-11-09,mr
2025-11-10,la
2025-11-11,ht
2025-11-12,pk
2025-11-13,bj
2025-11-14,ch
2025-11-15,sb
2025-11-16,pa
2025-11-17,dz
2025-11-18,in
2025-11-19,au
2025-11-20,ec
2025-11-21,me
2025-11-22,ca
2025-11-23,tz
2025-11-24,na
2025-11-25,jm
2025-11-26,kr
2025-11-27,ge
2025-11-28,ls
2025-11-29,tt
2025-11-30,cg
2025-12-01,cv
2025-12-02,cl
2025-12-03,md
2025-12-04,bf
2025-12-05,mg
2025-12-06,ph
2025-12-07,np
2025-12-08,py
2025-12-09,fi
2025-12-10,lr
2025-12-11,ly
2025-12-12,vg
2025-12-13,tg
2025-12-14,kg
2025-12-15,hr
2025-12-16,bn
2025-12-17,mm
2025-12-18,it
2025-12-19,pg
2025-12-20,lk
2025-12-21,mu
2025-12-22,cu
2025-12-23,mh
2025-12-24,dk
2025-12-25,cr
2025-12-26,ma
2025-12-27,ba
2025-12-28,kw
2025-12-29,hk
2025-12-30,gw
2025-12-31,no
2026-01-01,pt
2026-01-02,br
2026-01-03,am
2026-01-04,sz
2026-01-05,gb
2026-01-06,es
2026-01-07,dz
2026-01-08,cc
2026-01-09,sy
2026-01-10,bo
2026-01-11,sc
2026-01-12,sz
2026-01-13,my
2026-01-14,bj
2026-01-15,nu
2026-01-16,ky
2026-01-17,ar
2026-01-18,ao
2026-01-19,bl
2026-01-20,dm
2026-01-21,ee
2026-01-22,mn
2026-01-23,pa
2026-01-24,am
2026-01-25,ne
2026-01-26,cy
2026-01-27,so
2026-01-28,qa
2026-01-29,sk
2026-01-30,my
2026-01-31,kw
2026-02-01,do
2026-02-02,lr
2026-02-03,nr
2026-02-04,gd
2026-02-05,ug
2026-02-06,ae
2026-02-07,th
2026-02-08,ua
2026-02-09,ci
2026-02-10,si
2026-02-11,ky
2026-02-12,hu
2026-02-13,gd
2026-02-14,ch
2026-02-15,dm
2026-02-16,tj
2026-02-17,ht
2026-02-18,bo
2026-02-19,bl
2026-02-20,jo
2026-02-21,bm
2026-02-22,in
2026-02-23,wf
2026-02-24,id
2026-02-25,pa
2026-02-26,fm
2026-02-27,ua
2026-02-28,au
2026-03-01,st
2026-03-02,lu
2026-03-03,mw
2026-03-04,bw
2026-03-05,jm
2026-03-06,bh
2026-03-07,na
2026-03-08,gl
2026-03-09,ve
2026-03-10,pl
2026-03-11,ph
2026-03-12,zm
2026-03-13,iq
2026-03-14,nl
2026-03-15,cx
2026-03-16,sl
2026-03-17,be
2026-03-18,au
2026-03-19,ru
2026-03-20,ec
2026-03-21,tl
2026-03-22,gi
2026-03-23,bh
2026-03-24,ye
2026-03-25,ee
2026-03-26,zw
2026-03-27,bn
2026-03-28,jo
2026-03-29,gd
2026-03-30,lt
2026-03-31,pn
2026-04-01,vg
2026-04-02,ir
2026-04-03,ck
2026-04-04,is
2026-04-05,il
2026-04-06,dj
2026-04-07,sa
2026-04-08,fr
2026-04-09,sk
2026-04-10,sd
2026-04-11,py
2026-04-12,bf
2026-04-13,pe
2026-04-14,pn
2026-04-15,cm
2026-04-16,mv
2026-04-17,st
2026-04-18,es
2026-04-19,ck
2026-04-20,lv
2026-04-21,jo
2026-04-22,ga
2026-04-23,pt
2026-04-24,sg
2026-04-25,nc
2026-04-26,do
2026-04-27,se
2026-04-28,hk
2026-04-29,vu
2026-04-30,tk
2026-05-01,tm
2026-05-02,ba
2026-05-03,ec
2026-05-04,uz
2026-05-05,ar
2026-05-06,ua
2026-05-07,gt
2026-05-08,ki
2026-05-09,fr
2026-05-10,bd
2026-05-11,dk
2026-05-12,ng
2026-05-13,so
2026-05-14,gt
2026-05-15,dk
2026-05-16,ro
2026-05-17,ml
2026-05-18,kh
2026-05-19,pw
2026-05-20,lu
2026-05-21,cd
2026-05-22,fm
2026-05-23,cc
2026-05-24,et
2026-05-25,tc
2026-05-26,ne
2026-05-27,mw
2026-05-28,fm
2026-05-29,td
2026-05-30,np
2026-05-31,kz
2026-06-01,np
2026-06-02,ki
2026-06-03,iq
2026-06-04,do
2026-06-05,cc
2026-06-06,mo
2026-06-07,mk
2026-06-08,bl
2026-06-09,tg
2026-06-10,aw
2026-06-11,zm
2026-06-12,br
2026-06-13,ch
2026-06-14,pl
2026-06-15,ci
2026-06-16,tt
2026-06-17,sd
2026-06-18,ky
2026-06-19,nz
2026-06-20,bd
2026-06-21,jp
2026-06-22,jo
2026-06-23,nz
2026-06-24,ly
2026-06-25,mu
2026-06-26,fi
2026-06-27,na
2026-06-28,zm
2026-06-29,af
2026-06-30,sd
2026-07-01,sr
2026-07-02,bs
2026-07-03,sd
2026-07-04,mw
2026-07-05,tf
2026-07-06,fr
2026-07-07,tk
2026-07-08,pw
2026-07-09,hu
2026-07-10,br
2026-07-11,gl
2026-07-12,lb
2026-07-13,ci
2026-07-14,lt
2026-07-15,ad
2026-07-16,sr
2026-07-17,sr
2026-07-18,fm
2026-07-19,mm
2026-07-20,tj
2026-07-21,co
2026-07-22,mn
2026-07-23,bq
2026-07-24,pl
2026-07-25,gm
2026-07-26,vu
2026-07-27,pt
2026-07-28,mn
2026-07-29,pe
2026-07-30,cy
2026-07-31,ch
2026-08-01,it
2026-08-02,tj
2026-08-03,ck
2026-08-04,mx
2026-08-05,tn
2026-08-06,mu
2026-08-07,ad
2026-08-08,om
2026-08-09,gy
2026-08-10,mh
2026-08-11,ai
2026-08-12,br
2026-08-13,iq
2026-08-14,ve
2026-08-15,ua
2026-08-16,gq
2026-08-17,er
2026-08-18,ba
2026-08-19,er
2026-08-20,ng
2026-08-21,bh
2026-08-22,bi
2026-08-23,sv
2026-08-24,mg
2026-08-25,us
2026-08-26,be
2026-08-27,th
2026-08-28,mv
2026-08-29,tk
2026-08-30,by
2026-08-31,by
2026-09-01,rs
2026-09-02,md
2026-09-03,mz
2026-09-04,cl
2026-09-05,fm
2026-09-06,mu
2026-09-07,pe
2026-09-08,ky
2026-09-09,dk
2026-09-10,mx
2026-09-11,tg
2026-09-12,st
2026-09-13,sg
2026-09-14,cz
2026-09-15,sn
2026-09-16,gr
2026-09-17,ki
2026-09-18,sa
2026-09-19,qa
2026-09-20,it
2026-09-21,lc
2026-09-22,mr
2026-09-23,ls
2026-09-24,bt
2026-09-25,et
2026-09-26,dz
2026-09-27,bd
2026-09-28,ht
2026-09-29,al
2026-09-30,nr
2026-10-01,na
2026-10-02,ec
2026-10-03,nr
2026-10-04,do
2026-10-05,ae
2026-10-06,bf
2026-10-07,sm
2026-10-08,pm
2026-10-09,bb
2026-10-10,ec
2026-10-11,be
2026-10-12,ar
2026-10-13,zm
2026-10-14,hn
2026-10-15,bf
2026-10-16,mp
2026-10-17,eg
2026-10-18,gd
2026-10-19,sa
2026-10-20,mg
2026-10-21,dk
2026-10-22,mx
2026-10-23,bz
2026-10-24,ss
2026-10-25,ni
2026-10-26,nl
2026-10-27,md
2026-10-28,es
2026-10-29,to
2026-10-30,md
2026-10-31,ua
2026-11-01,kn
2026-11-02,cv
2026-11-03,bm
2026-11-04,bm
2026-11-05,rs
2026-11-06,la
2026-11-07,il
2026-11-08,ky
2026-11-09,kp
2026-11-10,ly
2026-11-11,zw
2026-11-12,st
2026-11-13,az
2026-11-14,sb
2026-11-15,ro
2026-11-16,py
2026-11-17,bn
2026-11-18,bb
2026-11-19,km
2026-11-20,st
2026-11-21,ht
2026-11-22,tw
2026-11-23,zm
2026-11-24,bq
2026-11-25,et
2026-11-26,cx
2026-11-27,cv
2026-11-28,mw
2026-11-29,lr
2026-11-30,cc
2026-12-01,ky
2026-12-02,cr
2026-12-03,gd
2026-12-04,lv
2026-12-05,et
2026-12-06,bg
2026-12-07,lk
2026-12-08,ua
2026-12-09,zm
2026-12-10,za
2026-12-11,mz
2026-12-12,bn
2026-12-13,aw
2026-12-14,qa
2026-12-15,"mx
"
2026-12-16,vn
2026-12-17,ag
2026-12-18,bl
2026-12-19,tf
2026-12-20,ws
2026-12-21,eg
2026-12-22,cl
2026-12-23,kn
2026-12-24,mg
2026-12-25,mf
2026-12-26,dk
2026-12-27,zw
2026-12-28,ki
2026-12-29,bb
2026-12-30,cl
2026-12-31,jo
